business_id,business_name,branch_id,branch_name,recommendation_type,best_dow,best_dow_name,best_hour,best_month,predicted_wait_minutes,p90_wait_minutes,worst_dow_name,worst_hour,confidence_score,recommendation,generated_at
biz-taj-001,Tax Administration Jamaica,br-taj-kingston,TAJ Kingston,best_time_to_visit,2,Wednesday,18,November,6.9,10.5,Friday,9,1.0,Wednesdays at 18:00 in November is predicted as the best time to visit TAJ Kingston. Expected wait: ~7 minutes.,2026-04-30T20:49:31.590358
biz-taj-001,Tax Administration Jamaica,br-taj-montego,TAJ Montego Bay,best_time_to_visit,5,Saturday,18,March,5.9,8.8,Wednesday,13,1.0,Saturdays at 18:00 in March is predicted as the best time to visit TAJ Montego Bay. Expected wait: ~6 minutes.,2026-04-30T20:49:31.590358
biz-taj-001,Tax Administration Jamaica,br-taj-portmore,TAJ Portmore,best_time_to_visit,5,Saturday,18,November,6.8,12.0,Monday,13,1.0,Saturdays at 18:00 in November is predicted as the best time to visit TAJ Portmore. Expected wait: ~7 minutes.,2026-04-30T20:49:31.590358
biz-taj-001,Tax Administration Jamaica,br-taj-mandeville,TAJ Mandeville,best_time_to_visit,5,Saturday,18,February,6.9,10.1,Tuesday,9,1.0,Saturdays at 18:00 in February is predicted as the best time to visit TAJ Mandeville. Expected wait: ~7 minutes.,2026-04-30T20:49:31.590358
biz-nht-001,National Housing Trust,br-nht-kingston,NHT Kingston,best_time_to_visit,5,Saturday,18,November,6.9,9.6,Friday,13,1.0,Saturdays at 18:00 in November is predicted as the best time to visit NHT Kingston. Expected wait: ~7 minutes.,2026-04-30T20:49:31.590358
biz-nht-001,National Housing Trust,br-nht-spanish,NHT Spanish Town,best_time_to_visit,1,Tuesday,17,April,7.1,9.7,Monday,14,1.0,Tuesdays at 17:00 in April is predicted as the best time to visit NHT Spanish Town. Expected wait: ~7 minutes.,2026-04-30T20:49:31.590358
biz-nht-001,National Housing Trust,br-nht-montego,NHT Montego Bay,best_time_to_visit,5,Saturday,18,April,7.7,12.3,Tuesday,10,1.0,Saturdays at 18:00 in April is predicted as the best time to visit NHT Montego Bay. Expected wait: ~8 minutes.,2026-04-30T20:49:31.590358
biz-pica-001,PICA,br-pica-kingston,PICA Kingston,best_time_to_visit,5,Saturday,18,February,6.9,12.9,Wednesday,10,1.0,Saturdays at 18:00 in February is predicted as the best time to visit PICA Kingston. Expected wait: ~7 minutes.,2026-04-30T20:49:31.590358
biz-pica-001,PICA,br-pica-montego,PICA Montego Bay,best_time_to_visit,2,Wednesday,18,December,7.6,11.1,Monday,9,1.0,Wednesdays at 18:00 in December is predicted as the best time to visit PICA Montego Bay. Expected wait: ~8 minutes.,2026-04-30T20:49:31.590358
